scheme_code,CAGR_1Y,CAGR_3Y,CAGR_5Y,sharpe,rank,alpha,beta,max_drawdown,score
120503,0.9771203155818537,0.25509817924360045,0.14605805978529451,112.96634131720698,1.0,,,0.0,
120504,0.9109663409337676,0.24094065394866515,0.1382839375692504,16.104901992045594,4.0,,,-0.09329563812600983,
120505,0.9294117647058824,0.24492056389158834,0.14047293799473026,70.04849767592077,2.0,,,0.0,
120506,0.7601328903654483,0.20739253424569903,0.1197191135919562,37.053502295716676,3.0,,,0.0,
